event_message,id,identifier,method,path,status_code,timestamp
POST | 200 | 107.22.120.17 | 939559bc9ee3093e | https://ygkbhfdqvrluegsrjpaj.supabase.co/storage/v1/object/list/lead-uploads | supabase-api/9a15f5d,127a6039-9578-4a6f-ab7f-02a250f45878,ygkbhfdqvrluegsrjpaj,POST,/storage/v1/object/list/lead-uploads,200,1746166174274000
GET | 200 | 3.90.42.187 | 939559b05e618018 | https://ygkbhfdqvrluegsrjpaj.supabase.co/storage/v1/bucket | supabase-api/9a15f5d,4d67c1a5-d0d1-4f4e-ab98-b8068f6a3631,ygkbhfdqvrluegsrjpaj,GET,/storage/v1/bucket,200,1746166172331000
POST | 200 | 70.133.249.74 | 93955947f996476f | https://ygkbhfdqvrluegsrjpaj.supabase.co/rest/v1/rpc/list_dynamic_lead_tables | node,4c09836f-3e73-41b8-b77a-d96b1a36607b,ygkbhfdqvrluegsrjpaj,POST,/rest/v1/rpc/list_dynamic_lead_tables,200,1746166155658000
POST | 200 | 70.133.249.74 | 939558f1dc9fe873 | https://ygkbhfdqvrluegsrjpaj.supabase.co/storage/v1/object/list/lead-uploads | node,5b77639d-2c2a-4686-8215-626fedb5b574,ygkbhfdqvrluegsrjpaj,POST,/storage/v1/object/list/lead-uploads,200,1746166141924000
POST | 200 | 70.133.249.74 | 939558eedaa3e873 | https://ygkbhfdqvrluegsrjpaj.supabase.co/rest/v1/rpc/list_dynamic_lead_tables | node,158792af-3121-4008-8326-b23b4ae48ebc,ygkbhfdqvrluegsrjpaj,POST,/rest/v1/rpc/list_dynamic_lead_tables,200,1746166141407000
POST | 200 | 70.133.249.74 | 939558ec68cce873 | https://ygkbhfdqvrluegsrjpaj.supabase.co/storage/v1/object/list/lead-uploads | node,92211d78-857e-4b34-ba9d-7672528a9c5c,ygkbhfdqvrluegsrjpaj,POST,/storage/v1/object/list/lead-uploads,200,1746166141050000
POST | 200 | 70.133.249.74 | 939558ec5d1b0c2b | https://ygkbhfdqvrluegsrjpaj.supabase.co/rest/v1/rpc/list_dynamic_lead_tables | node,903afb6e-84b4-4ad5-8527-3a4862f41318,ygkbhfdqvrluegsrjpaj,POST,/rest/v1/rpc/list_dynamic_lead_tables,200,1746166141012000
"GET | 200 | 70.133.249.74 | 9395581089472c9c | https://ygkbhfdqvrluegsrjpaj.supabase.co/rest/v1/senders?select=* | Mozilla/5.0 (Windows NT 10.0; Win64; x64) AppleWebKit/537.36 (KHTML, like Gecko) Chrome/135.0.0.0 Safari/537.36",bf35c235-0f82-4f07-8fe6-01a3cd01a17c,ygkbhfdqvrluegsrjpaj,GET,/rest/v1/senders,200,1746166105819000
"GET | 101 | 70.133.249.74 | 9395580f3a56a912 | https://ygkbhfdqvrluegsrjpaj.supabase.co/realtime/v1/websocket?apikey=REDACTED&vsn=1.0.0 | Mozilla/5.0 (Windows NT 10.0; Win64; x64) AppleWebKit/537.36 (KHTML, like Gecko) Chrome/135.0.0.0 Safari/537.36",5525b685-95b0-44ca-9bbe-f2b0c1c8d4d8,ygkbhfdqvrluegsrjpaj,GET,/realtime/v1/websocket,101,1746166105670000
"GET | 200 | 70.133.249.74 | 9395580f285f2c9c | https://ygkbhfdqvrluegsrjpaj.supabase.co/rest/v1/campaigns?select=*&order=created_at.desc | Mozilla/5.0 (Windows NT 10.0; Win64; x64) AppleWebKit/537.36 (KHTML, like Gecko) Chrome/135.0.0.0 Safari/537.36",28140f3c-d3c6-445c-bac0-80998ab5cf75,ygkbhfdqvrluegsrjpaj,GET,/rest/v1/campaigns,200,1746166105657000
GET | 200 | 3.85.51.37 | 93955529095d13bb | https://ygkbhfdqvrluegsrjpaj.supabase.co/rest/v1/ | node,d445d3cb-33b5-40c2-9180-ac7129fc2d99,ygkbhfdqvrluegsrjpaj,GET,/rest/v1/,200,1746165986795000
GET | 200 | 3.85.51.37 | 93955527481613bb | https://ygkbhfdqvrluegsrjpaj.supabase.co/rest/v1/ | node,88fafe8f-7bb1-4aed-bbf7-502f2e6b8aba,ygkbhfdqvrluegsrjpaj,GET,/rest/v1/,200,1746165986598000
POST | 401 | 70.133.249.74 | 939552676d98e976 | https://ygkbhfdqvrluegsrjpaj.supabase.co/rest/v1/rpc/list_dynamic_lead_tables | node,c4259dc5-ab19-4cf3-882e-b2b677bb67c6,ygkbhfdqvrluegsrjpaj,POST,/rest/v1/rpc/list_dynamic_lead_tables,401,1746165873834000
POST | 400 | 70.133.249.74 | 9395523698da461e | https://ygkbhfdqvrluegsrjpaj.supabase.co/storage/v1/object/list/lead-uploads | node,eae649d2-e032-45c1-bee9-90c042aaaa8c,ygkbhfdqvrluegsrjpaj,POST,/storage/v1/object/list/lead-uploads,400,1746165866159000
POST | 400 | 70.133.249.74 | 93955236884ff068 | https://ygkbhfdqvrluegsrjpaj.supabase.co/storage/v1/object/list/lead-uploads | node,f8cf4947-a2d6-4835-8be8-286cf67edb1a,ygkbhfdqvrluegsrjpaj,POST,/storage/v1/object/list/lead-uploads,400,1746165866137000
POST | 401 | 70.133.249.74 | 93955236a8a46c43 | https://ygkbhfdqvrluegsrjpaj.supabase.co/rest/v1/rpc/list_dynamic_lead_tables | node,4fbfc089-8f61-4014-b597-1d19caaca454,ygkbhfdqvrluegsrjpaj,POST,/rest/v1/rpc/list_dynamic_lead_tables,401,1746165866034000
POST | 401 | 70.133.249.74 | 939552367d997d5a | https://ygkbhfdqvrluegsrjpaj.supabase.co/rest/v1/rpc/list_dynamic_lead_tables | node,66ad39c8-217c-49ef-adc6-e063ab0d9e13,ygkbhfdqvrluegsrjpaj,POST,/rest/v1/rpc/list_dynamic_lead_tables,401,1746165866007000
"GET | 200 | 70.133.249.74 | 9395517cee552e17 | https://ygkbhfdqvrluegsrjpaj.supabase.co/rest/v1/senders?select=* | Mozilla/5.0 (Windows NT 10.0; Win64; x64) AppleWebKit/537.36 (KHTML, like Gecko) Chrome/135.0.0.0 Safari/537.36",c06ec712-f1f2-439e-b4e5-8d085152d993,ygkbhfdqvrluegsrjpaj,GET,/rest/v1/senders,200,1746165836446000
"GET | 200 | 70.133.249.74 | 9395517b9d6a2e17 | https://ygkbhfdqvrluegsrjpaj.supabase.co/rest/v1/campaigns?select=*&order=created_at.desc | Mozilla/5.0 (Windows NT 10.0; Win64; x64) AppleWebKit/537.36 (KHTML, like Gecko) Chrome/135.0.0.0 Safari/537.36",fe67f4d5-504d-40ce-a223-fb885775e841,ygkbhfdqvrluegsrjpaj,GET,/rest/v1/campaigns,200,1746165836291000
"GET | 101 | 70.133.249.74 | 9395517b5e566c5e | https://ygkbhfdqvrluegsrjpaj.supabase.co/realtime/v1/websocket?apikey=REDACTED&vsn=1.0.0 | Mozilla/5.0 (Windows NT 10.0; Win64; x64) AppleWebKit/537.36 (KHTML, like Gecko) Chrome/135.0.0.0 Safari/537.36",08ecf9ec-0e72-45ba-a570-7b9c8e685c09,ygkbhfdqvrluegsrjpaj,GET,/realtime/v1/websocket,101,1746165836256000
"GET | 200 | 70.133.249.74 | 93954e921d11f0a2 | https://ygkbhfdqvrluegsrjpaj.supabase.co/rest/v1/senders?select=* | Mozilla/5.0 (Windows NT 10.0; Win64; x64) AppleWebKit/537.36 (KHTML, like Gecko) Chrome/135.0.0.0 Safari/537.36",7a48b2e0-ea7d-43bd-8807-f13c96e97036,ygkbhfdqvrluegsrjpaj,GET,/rest/v1/senders,200,1746165716946000
"GET | 200 | 70.133.249.74 | 93954e871acff0a2 | https://ygkbhfdqvrluegsrjpaj.supabase.co/rest/v1/senders?select=* | Mozilla/5.0 (Windows NT 10.0; Win64; x64) AppleWebKit/537.36 (KHTML, like Gecko) Chrome/135.0.0.0 Safari/537.36",0242235e-1ffd-41ed-bf29-49c2de7af861,ygkbhfdqvrluegsrjpaj,GET,/rest/v1/senders,200,1746165716720000
"GET | 200 | 70.133.249.74 | 93954e870ab0f0a2 | https://ygkbhfdqvrluegsrjpaj.supabase.co/rest/v1/campaigns?select=*&order=created_at.desc | Mozilla/5.0 (Windows NT 10.0; Win64; x64) AppleWebKit/537.36 (KHTML, like Gecko) Chrome/135.0.0.0 Safari/537.36",cb73df80-6b96-4908-9770-833c1ae16349,ygkbhfdqvrluegsrjpaj,GET,/rest/v1/campaigns,200,1746165715575000
"GET | 200 | 70.133.249.74 | 93954e852fcff0a2 | https://ygkbhfdqvrluegsrjpaj.supabase.co/rest/v1/campaigns?select=*&order=created_at.desc | Mozilla/5.0 (Windows NT 10.0; Win64; x64) AppleWebKit/537.36 (KHTML, like Gecko) Chrome/135.0.0.0 Safari/537.36",85c84039-bab5-4937-ae2e-472c55995da7,ygkbhfdqvrluegsrjpaj,GET,/rest/v1/campaigns,200,1746165715029000
"GET | 101 | 70.133.249.74 | 93954e8548d6485d | https://ygkbhfdqvrluegsrjpaj.supabase.co/realtime/v1/websocket?apikey=REDACTED&vsn=1.0.0 | Mozilla/5.0 (Windows NT 10.0; Win64; x64) AppleWebKit/537.36 (KHTML, like Gecko) Chrome/135.0.0.0 Safari/537.36",aefe4b76-c7c3-4af5-b829-56478a1cf4ed,ygkbhfdqvrluegsrjpaj,GET,/realtime/v1/websocket,101,1746165714961000
POST | 200 | 3.90.42.187 | 93954c442bbc05da | https://ygkbhfdqvrluegsrjpaj.supabase.co/storage/v1/object/list/lead-uploads | supabase-api/9a15f5d,bd386718-9d7e-4201-ba16-705a3a3c6a01,ygkbhfdqvrluegsrjpaj,POST,/storage/v1/object/list/lead-uploads,200,1746165622563000
"POST | 200 | 70.133.249.74 | 93954c41aaff2cc6 | https://ygkbhfdqvrluegsrjpaj.supabase.co/storage/v1/object/lead-uploads/.emptyFolderPlaceholder | Mozilla/5.0 (Windows NT 10.0; Win64; x64) AppleWebKit/537.36 (KHTML, like Gecko) Chrome/135.0.0.0 Safari/537.36",6f6427ac-e049-41cd-9115-ebeed303cfa8,ygkbhfdqvrluegsrjpaj,POST,/storage/v1/object/lead-uploads/.emptyFolderPlaceholder,200,1746165622271000
"OPTIONS | 200 | 70.133.249.74 | 93954c416ae72cc6 | https://ygkbhfdqvrluegsrjpaj.supabase.co/storage/v1/object/lead-uploads/.emptyFolderPlaceholder | Mozilla/5.0 (Windows NT 10.0; Win64; x64) AppleWebKit/537.36 (KHTML, like Gecko) Chrome/135.0.0.0 Safari/537.36",e1a0ef31-05f6-425e-b7a5-0048f263d01b,ygkbhfdqvrluegsrjpaj,OPTIONS,/storage/v1/object/lead-uploads/.emptyFolderPlaceholder,200,1746165622001000
POST | 200 | 3.85.51.37 | 93954c3f8b3f68ed | https://ygkbhfdqvrluegsrjpaj.supabase.co/storage/v1/object/list/lead-uploads | supabase-api/9a15f5d,ca213f3b-87e5-4a59-968b-a31976ec8f64,ygkbhfdqvrluegsrjpaj,POST,/storage/v1/object/list/lead-uploads,200,1746165621809000
DELETE | 200 | 3.85.51.37 | 93954c3dffd4c96f | https://ygkbhfdqvrluegsrjpaj.supabase.co/storage/v1/object/lead-uploads | supabase-api/9a15f5d,e78742e3-2c29-4eca-8262-67ae6fa2da54,ygkbhfdqvrluegsrjpaj,DELETE,/storage/v1/object/lead-uploads,200,1746165621582000
POST | 200 | 107.22.120.17 | 93954bd41e1a0592 | https://ygkbhfdqvrluegsrjpaj.supabase.co/storage/v1/object/list/lead-uploads | supabase-api/9a15f5d,950719f4-675e-4e26-b589-4ccfb43d42c2,ygkbhfdqvrluegsrjpaj,POST,/storage/v1/object/list/lead-uploads,200,1746165604786000
"GET | 101 | 70.133.249.74 | 93954b4e3874f0c1 | https://ygkbhfdqvrluegsrjpaj.supabase.co/realtime/v1/websocket?apikey=REDACTED&vsn=1.0.0 | Mozilla/5.0 (Windows NT 10.0; Win64; x64) AppleWebKit/537.36 (KHTML, like Gecko) Chrome/135.0.0.0 Safari/537.36",e29944d9-5dd9-441f-8725-9aa1e8edd3de,ygkbhfdqvrluegsrjpaj,GET,/realtime/v1/websocket,101,1746165583296000
GET | 200 | 3.85.51.37 | 93954aced8e5e5fc | https://ygkbhfdqvrluegsrjpaj.supabase.co/storage/v1/bucket | supabase-api/9a15f5d,fc5389a3-0307-444f-87cd-b08baf67f722,ygkbhfdqvrluegsrjpaj,GET,/storage/v1/bucket,200,1746165562814000
GET | 200 | 3.90.42.187 | 939548de0968c9a4 | https://ygkbhfdqvrluegsrjpaj.supabase.co/auth/v1/health | supabase-api/9a15f5d,cf43a786-4afc-4cb2-bb63-863984b3aa43,ygkbhfdqvrluegsrjpaj,GET,/auth/v1/health,200,1746165483298000
HEAD | 200 | 3.90.42.187 | 939548de0970c9a4 | https://ygkbhfdqvrluegsrjpaj.supabase.co/rest-admin/v1/live | supabase-api/9a15f5d,27f790a5-b0a9-411e-98de-913580c88022,ygkbhfdqvrluegsrjpaj,HEAD,/rest-admin/v1/live,200,1746165483289000
POST | 200 | 70.133.249.74 | 9395487d28e169d2 | https://ygkbhfdqvrluegsrjpaj.supabase.co/rest/v1/rpc/list_dynamic_lead_tables | node,52d75867-1db0-4207-a973-5dc3f045c624,ygkbhfdqvrluegsrjpaj,POST,/rest/v1/rpc/list_dynamic_lead_tables,200,1746165467848000
POST | 200 | 70.133.249.74 | 93954780b8248d27 | https://ygkbhfdqvrluegsrjpaj.supabase.co/rest/v1/rpc/list_dynamic_lead_tables | node,57afdb88-0287-4ff5-b167-6d00d5e78222,ygkbhfdqvrluegsrjpaj,POST,/rest/v1/rpc/list_dynamic_lead_tables,200,1746165427574000
POST | 200 | 70.133.249.74 | 93954661589d4766 | https://ygkbhfdqvrluegsrjpaj.supabase.co/rest/v1/rpc/list_dynamic_lead_tables | node,ef21da59-e428-4417-b920-0fe97fbd572a,ygkbhfdqvrluegsrjpaj,POST,/rest/v1/rpc/list_dynamic_lead_tables,200,1746165381478000
POST | 200 | 70.133.249.74 | 93954641a8ff6806 | https://ygkbhfdqvrluegsrjpaj.supabase.co/storage/v1/object/list/lead-uploads | node,fd85b988-9060-4212-98b0-31d70274719e,ygkbhfdqvrluegsrjpaj,POST,/storage/v1/object/list/lead-uploads,200,1746165376461000
POST | 200 | 70.133.249.74 | 9395464168aae909 | https://ygkbhfdqvrluegsrjpaj.supabase.co/rest/v1/rpc/list_dynamic_lead_tables | node,6d26983f-9999-405d-bf9d-2cca63016f4b,ygkbhfdqvrluegsrjpaj,POST,/rest/v1/rpc/list_dynamic_lead_tables,200,1746165376289000
POST | 200 | 70.133.249.74 | 9395463f9f26e909 | https://ygkbhfdqvrluegsrjpaj.supabase.co/storage/v1/object/list/lead-uploads | node,f78297de-1bc9-4998-b3ac-992e1a9eaf64,ygkbhfdqvrluegsrjpaj,POST,/storage/v1/object/list/lead-uploads,200,1746165376133000
POST | 200 | 70.133.249.74 | 9395463f8d5c6806 | https://ygkbhfdqvrluegsrjpaj.supabase.co/rest/v1/rpc/list_dynamic_lead_tables | node,726b5e12-2541-4e76-a268-f746625640ee,ygkbhfdqvrluegsrjpaj,POST,/rest/v1/rpc/list_dynamic_lead_tables,200,1746165376074000
"GET | 101 | 70.133.249.74 | 939544a50e06358d | https://ygkbhfdqvrluegsrjpaj.supabase.co/realtime/v1/websocket?apikey=REDACTED&vsn=1.0.0 | Mozilla/5.0 (Windows NT 10.0; Win64; x64) AppleWebKit/537.36 (KHTML, like Gecko) Chrome/135.0.0.0 Safari/537.36",342f85ff-dc6c-41c2-b081-cb82fd468468,ygkbhfdqvrluegsrjpaj,GET,/realtime/v1/websocket,101,1746165310613000
"GET | 200 | 70.133.249.74 | 939544a60823f075 | https://ygkbhfdqvrluegsrjpaj.supabase.co/rest/v1/senders?select=* | Mozilla/5.0 (Windows NT 10.0; Win64; x64) AppleWebKit/537.36 (KHTML, like Gecko) Chrome/135.0.0.0 Safari/537.36",3f288cfa-7ade-45f7-842c-925c52ad84a3,ygkbhfdqvrluegsrjpaj,GET,/rest/v1/senders,200,1746165310536000
"GET | 200 | 70.133.249.74 | 939544a4edf5f075 | https://ygkbhfdqvrluegsrjpaj.supabase.co/rest/v1/campaigns?select=*&order=created_at.desc | Mozilla/5.0 (Windows NT 10.0; Win64; x64) AppleWebKit/537.36 (KHTML, like Gecko) Chrome/135.0.0.0 Safari/537.36",f5fe1556-2c09-43ac-a3e7-912459574619,ygkbhfdqvrluegsrjpaj,GET,/rest/v1/campaigns,200,1746165310373000
"GET | 101 | 70.133.249.74 | 93954171a8602c89 | https://ygkbhfdqvrluegsrjpaj.supabase.co/realtime/v1/websocket?apikey=REDACTED&vsn=1.0.0 | Mozilla/5.0 (Windows NT 10.0; Win64; x64) AppleWebKit/537.36 (KHTML, like Gecko) Chrome/135.0.0.0 Safari/537.36",64e7da5a-7007-4959-ad0f-842598cf088e,ygkbhfdqvrluegsrjpaj,GET,/realtime/v1/websocket,101,1746165179358000
"GET | 101 | 70.133.249.74 | 93953a251c866f98 | https://ygkbhfdqvrluegsrjpaj.supabase.co/realtime/v1/websocket?apikey=REDACTED&vsn=1.0.0 | Mozilla/5.0 (Windows NT 10.0; Win64; x64) AppleWebKit/537.36 (KHTML, like Gecko) Chrome/135.0.0.0 Safari/537.36",7d3039ce-3c51-4a8a-a017-a07389d02ec5,ygkbhfdqvrluegsrjpaj,GET,/realtime/v1/websocket,101,1746164880370000
POST | 200 | 70.133.249.74 | 9395361b0925144c | https://ygkbhfdqvrluegsrjpaj.supabase.co/storage/v1/object/list/lead-uploads | node,dbbc9504-a825-49e5-917b-e1e52826161d,ygkbhfdqvrluegsrjpaj,POST,/storage/v1/object/list/lead-uploads,200,1746164714904000
POST | 400 | 70.133.249.74 | 9395361a38a2144c | https://ygkbhfdqvrluegsrjpaj.supabase.co/rest/v1/rpc/list_dynamic_lead_tables | node,082e23da-1706-4f40-84d9-3c568784b261,ygkbhfdqvrluegsrjpaj,POST,/rest/v1/rpc/list_dynamic_lead_tables,400,1746164714650000
POST | 200 | 70.133.249.74 | 93953615e9d0f054 | https://ygkbhfdqvrluegsrjpaj.supabase.co/storage/v1/object/list/lead-uploads | node,7a73f976-5cac-469a-b8da-407400980114,ygkbhfdqvrluegsrjpaj,POST,/storage/v1/object/list/lead-uploads,200,1746164714056000
POST | 400 | 70.133.249.74 | 93953615be5b144c | https://ygkbhfdqvrluegsrjpaj.supabase.co/rest/v1/rpc/list_dynamic_lead_tables | node,fb31a33d-252a-4fa4-8b93-0a7bd511743a,ygkbhfdqvrluegsrjpaj,POST,/rest/v1/rpc/list_dynamic_lead_tables,400,1746164714028000
"GET | 200 | 70.133.249.74 | 939535a0c846e863 | https://ygkbhfdqvrluegsrjpaj.supabase.co/rest/v1/senders?select=* | Mozilla/5.0 (Windows NT 10.0; Win64; x64) AppleWebKit/537.36 (KHTML, like Gecko) Chrome/135.0.0.0 Safari/537.36",aa611cfd-ac87-4273-a868-d29e4747f03c,ygkbhfdqvrluegsrjpaj,GET,/rest/v1/senders,200,1746164695229000
"GET | 101 | 70.133.249.74 | 939535a01d186707 | https://ygkbhfdqvrluegsrjpaj.supabase.co/realtime/v1/websocket?apikey=REDACTED&vsn=1.0.0 | Mozilla/5.0 (Windows NT 10.0; Win64; x64) AppleWebKit/537.36 (KHTML, like Gecko) Chrome/135.0.0.0 Safari/537.36",962ca15d-eba8-4886-88e0-843038cae7ae,ygkbhfdqvrluegsrjpaj,GET,/realtime/v1/websocket,101,1746164695193000
"GET | 200 | 70.133.249.74 | 9395359f9fc6e863 | https://ygkbhfdqvrluegsrjpaj.supabase.co/rest/v1/campaigns?select=*&order=created_at.desc | Mozilla/5.0 (Windows NT 10.0; Win64; x64) AppleWebKit/537.36 (KHTML, like Gecko) Chrome/135.0.0.0 Safari/537.36",85881cdd-7132-4abf-aef6-8533efcf5d03,ygkbhfdqvrluegsrjpaj,GET,/rest/v1/campaigns,200,1746164695131000
POST | 200 | 70.133.249.74 | 93953212b9de2ccd | https://ygkbhfdqvrluegsrjpaj.supabase.co/storage/v1/object/list/lead-uploads | node,94f2afd7-a7c7-4164-9a1f-9d767cdd4707,ygkbhfdqvrluegsrjpaj,POST,/storage/v1/object/list/lead-uploads,200,1746164549730000
POST | 400 | 70.133.249.74 | 93953212da4bf06d | https://ygkbhfdqvrluegsrjpaj.supabase.co/rest/v1/rpc/list_dynamic_lead_tables | node,72307068-6ce4-49fa-9394-701a50c16237,ygkbhfdqvrluegsrjpaj,POST,/rest/v1/rpc/list_dynamic_lead_tables,400,1746164549709000
POST | 200 | 70.133.249.74 | 939532109d6bf06d | https://ygkbhfdqvrluegsrjpaj.supabase.co/storage/v1/object/list/lead-uploads | node,e66838a5-921b-45d7-ab02-ff9ada321529,ygkbhfdqvrluegsrjpaj,POST,/storage/v1/object/list/lead-uploads,200,1746164549392000
POST | 400 | 70.133.249.74 | 9395321098752ccd | https://ygkbhfdqvrluegsrjpaj.supabase.co/rest/v1/rpc/list_dynamic_lead_tables | node,971dee1e-2f15-41d4-8edb-d650b6f0408b,ygkbhfdqvrluegsrjpaj,POST,/rest/v1/rpc/list_dynamic_lead_tables,400,1746164549360000
"GET | 200 | 70.133.249.74 | 939531c7ca4e6b17 | https://ygkbhfdqvrluegsrjpaj.supabase.co/rest/v1/senders?select=* | Mozilla/5.0 (Windows NT 10.0; Win64; x64) AppleWebKit/537.36 (KHTML, like Gecko) Chrome/135.0.0.0 Safari/537.36",f0211602-1e15-4710-98b1-35a2d3934e42,ygkbhfdqvrluegsrjpaj,GET,/rest/v1/senders,200,1746164537724000
"GET | 200 | 70.133.249.74 | 939531c6998c6b17 | https://ygkbhfdqvrluegsrjpaj.supabase.co/rest/v1/campaigns?select=*&order=created_at.desc | Mozilla/5.0 (Windows NT 10.0; Win64; x64) AppleWebKit/537.36 (KHTML, like Gecko) Chrome/135.0.0.0 Safari/537.36",35a702f0-d345-4644-84b3-c8ab7552e0b5,ygkbhfdqvrluegsrjpaj,GET,/rest/v1/campaigns,200,1746164537540000
"GET | 101 | 70.133.249.74 | 939531a27fb0e54e | https://ygkbhfdqvrluegsrjpaj.supabase.co/realtime/v1/websocket?apikey=REDACTED&vsn=1.0.0 | Mozilla/5.0 (Windows NT 10.0; Win64; x64) AppleWebKit/537.36 (KHTML, like Gecko) Chrome/135.0.0.0 Safari/537.36",438928bb-09f1-41a6-aa50-6fd714f3722d,ygkbhfdqvrluegsrjpaj,GET,/realtime/v1/websocket,101,1746164531836000
POST | 400 | 70.133.249.74 | 939525d79a220b91 | https://ygkbhfdqvrluegsrjpaj.supabase.co/rest/v1/rpc/list_dynamic_lead_tables | node,1a74941e-8baa-411a-a1e8-894c2a1b3459,ygkbhfdqvrluegsrjpaj,POST,/rest/v1/rpc/list_dynamic_lead_tables,400,1746164048719000
POST | 400 | 70.133.249.74 | 939525264f7ee9ad | https://ygkbhfdqvrluegsrjpaj.supabase.co/rest/v1/rpc/list_dynamic_lead_tables | node,44f89306-a801-4b8b-b4d2-89f93f0e0ead,ygkbhfdqvrluegsrjpaj,POST,/rest/v1/rpc/list_dynamic_lead_tables,400,1746164020358000
POST | 200 | 70.133.249.74 | 939523b96e4d3467 | https://ygkbhfdqvrluegsrjpaj.supabase.co/storage/v1/object/list/lead-uploads | node,44ae6bbc-09ee-4f45-a405-f106c0be4947,ygkbhfdqvrluegsrjpaj,POST,/storage/v1/object/list/lead-uploads,200,1746163961984000
POST | 400 | 70.133.249.74 | 939523b92b8ae7bb | https://ygkbhfdqvrluegsrjpaj.supabase.co/rest/v1/rpc/list_dynamic_lead_tables | node,c2f34223-fd96-4748-af72-cec008740895,ygkbhfdqvrluegsrjpaj,POST,/rest/v1/rpc/list_dynamic_lead_tables,400,1746163961851000
POST | 200 | 70.133.249.74 | 939523b62b943467 | https://ygkbhfdqvrluegsrjpaj.supabase.co/storage/v1/object/list/lead-uploads | node,729de354-1f90-46ec-bb05-833187f535ae,ygkbhfdqvrluegsrjpaj,POST,/storage/v1/object/list/lead-uploads,200,1746163961508000
POST | 400 | 70.133.249.74 | 939523b6187ee7bb | https://ygkbhfdqvrluegsrjpaj.supabase.co/rest/v1/rpc/list_dynamic_lead_tables | node,73067793-0a45-4531-89b5-e05da0809ac9,ygkbhfdqvrluegsrjpaj,POST,/rest/v1/rpc/list_dynamic_lead_tables,400,1746163961452000
"GET | 200 | 70.133.249.74 | 93952272ea02e9b5 | https://ygkbhfdqvrluegsrjpaj.supabase.co/rest/v1/senders?select=* | Mozilla/5.0 (Windows NT 10.0; Win64; x64) AppleWebKit/537.36 (KHTML, like Gecko) Chrome/135.0.0.0 Safari/537.36",fbc638e8-d692-46c9-a063-02e36c5b6719,ygkbhfdqvrluegsrjpaj,GET,/rest/v1/senders,200,1746163909723000
"OPTIONS | 200 | 70.133.249.74 | 93952272b9cbe9b5 | https://ygkbhfdqvrluegsrjpaj.supabase.co/rest/v1/senders?select=* | Mozilla/5.0 (Windows NT 10.0; Win64; x64) AppleWebKit/537.36 (KHTML, like Gecko) Chrome/135.0.0.0 Safari/537.36",525a873f-bbcb-4a35-877b-14d1b1fa5eba,ygkbhfdqvrluegsrjpaj,OPTIONS,/rest/v1/senders,200,1746163909565000
"GET | 200 | 70.133.249.74 | 9395227188e7e9b5 | https://ygkbhfdqvrluegsrjpaj.supabase.co/rest/v1/campaigns?select=*&order=created_at.desc | Mozilla/5.0 (Windows NT 10.0; Win64; x64) AppleWebKit/537.36 (KHTML, like Gecko) Chrome/135.0.0.0 Safari/537.36",e52b5d9d-d594-4ef3-898b-0088e9911d7d,ygkbhfdqvrluegsrjpaj,GET,/rest/v1/campaigns,200,1746163909513000
"GET | 101 | 70.133.249.74 | 939522716d896b8f | https://ygkbhfdqvrluegsrjpaj.supabase.co/realtime/v1/websocket?apikey=REDACTED&vsn=1.0.0 | Mozilla/5.0 (Windows NT 10.0; Win64; x64) AppleWebKit/537.36 (KHTML, like Gecko) Chrome/135.0.0.0 Safari/537.36",cfca7e20-1167-4db0-a0c9-b4930e684932,ygkbhfdqvrluegsrjpaj,GET,/realtime/v1/websocket,101,1746163909485000
"OPTIONS | 200 | 70.133.249.74 | 9395227158c6e9b5 | https://ygkbhfdqvrluegsrjpaj.supabase.co/rest/v1/campaigns?select=*&order=created_at.desc | Mozilla/5.0 (Windows NT 10.0; Win64; x64) AppleWebKit/537.36 (KHTML, like Gecko) Chrome/135.0.0.0 Safari/537.36",05f1fad0-8f4c-43e4-b643-7924c4223716,ygkbhfdqvrluegsrjpaj,OPTIONS,/rest/v1/campaigns,200,1746163909346000
POST | 200 | 70.133.249.74 | 939521b0bc6c6b50 | https://ygkbhfdqvrluegsrjpaj.supabase.co/auth/v1/token?grant_type=refresh_token | Next.js Middleware,15f3f6b9-dafa-40ff-9764-63dfbcb80a94,ygkbhfdqvrluegsrjpaj,POST,/auth/v1/token,200,1746163878800000
GET | 200 | 107.22.120.17 | 93951293fa742d16 | https://ygkbhfdqvrluegsrjpaj.supabase.co/rest/v1/ | supabase-api/9a15f5d,b8b23166-7123-43b1-9ff3-69eb9682da0a,ygkbhfdqvrluegsrjpaj,GET,/rest/v1/,200,1746163259665000